minute,closing_price,volume,vwap,short_ema,long_ema,macd,macd_signal,rsi
1,296.05,828124,296.07,293.3205,293.0385,0,0,0
2,296.0,446469,296.0566,293.4083,293.0837,0,0,0
3,295.94,297216,296.0415,293.4914,293.1273,0,0,0
4,295.85,406851,296.0076,293.5687,293.1689,0,0,0
5,295.77,440583,295.9746,293.6409,293.2086,0.4131,0.2648,82.797
6,295.69,378231,295.9416,293.708,293.2465,0.4131,0.2648,82.797
7,295.66,290647,295.9156,293.772,293.2833,0.4131,0.2648,82.797
8,295.68,178329,295.9037,293.8346,293.3199,0.4131,0.2648,82.797
9,295.76,203926,295.8938,293.8977,293.3572,0.4131,0.2648,82.797
10,295.86,286970,295.8887,293.9621,293.3954,0.5629,0.3244,83.2071
11,295.89,226629,295.8878,294.0253,293.4335,0.5629,0.3244,83.2071
12,295.9,208563,295.8877,294.0867,293.4711,0.5629,0.3244,83.2071
13,295.93,175970,295.8884,294.1472,293.5087,0.5629,0.3244,83.2071
14,295.84,187234,295.8875,294.2027,293.5442,0.5629,0.3244,83.2071
15,295.78,128198,295.8851,294.2544,293.5784,0.6676,0.393,81.2932
16,295.7,553488,295.8712,294.3018,293.6108,0.6676,0.393,81.2932
17,295.79,171132,295.8674,294.3506,293.644,0.6676,0.393,81.2932
18,295.83,235311,295.8643,294.3991,293.6774,0.6676,0.393,81.2932
19,295.89,154569,295.8648,294.448,293.7112,0.6676,0.393,81.2932
20,295.89,221160,295.8657,294.4953,293.7445,0.7507,0.4646,81.9285
21,295.94,1411548,295.8754,294.5426,293.778,0.7507,0.4646,81.9285
22,295.97,256220,295.8784,294.5894,293.8114,0.7507,0.4646,81.9285
23,295.96,127426,295.8801,294.6344,293.8442,0.7507,0.4646,81.9285
24,296.01,185972,295.8825,294.6795,293.8773,0.7507,0.4646,81.9285
25,296.09,1168188,295.9056,294.7257,293.9111,0.8232,0.5363,83.0884
26,296.08,183306,295.9093,294.7701,293.9442,0.8232,0.5363,83.0884
27,296.0,164717,295.9113,294.8104,293.9756,0.8232,0.5363,83.0884
28,296.03,132544,295.9128,294.8504,294.007,0.8232,0.5363,83.0884
29,296.01,119967,295.914,294.8884,294.0375,0.8232,0.5363,83.0884
30,295.84,187869,295.9134,294.9196,294.0651,0.8507,0.5992,76.2873
31,295.83,246858,295.9113,294.9495,294.092,0.8507,0.5992,76.2873
32,295.96,914461,295.9121,294.9826,294.1205,0.8507,0.5992,76.2873
33,296.03,122178,295.913,295.017,294.1497,0.8507,0.5992,76.2873
34,295.98,113172,295.9137,295.0485,294.1776,0.8507,0.5992,76.2873
35,296.01,1089312,295.9198,295.0801,294.2056,0.8761,0.6546,77.6685
36,295.96,103589,295.9201,295.1089,294.2324,0.8761,0.6546,77.6685
37,295.84,134113,295.9197,295.1329,294.2569,0.8761,0.6546,77.6685
38,295.82,505893,295.9163,295.1554,294.2808,0.8761,0.6546,77.6685
39,295.8301,112568,295.9155,295.1775,294.3044,0.8761,0.6546,77.6685
40,295.82,133540,295.9147,295.1986,294.3276,0.8709,0.6978,72.4297
41,295.8,216044,295.913,295.2183,294.3501,0.8709,0.6978,72.4297
42,295.99,371796,295.913,295.2436,294.3751,0.8709,0.6978,72.4297
43,296.06,324914,295.9162,295.2704,294.4008,0.8709,0.6978,72.4297
44,295.87,94466,295.9163,295.29,294.4232,0.8709,0.6978,72.4297
45,295.82,78228,295.9159,295.3074,294.4446,0.8569,0.7296,72.4297
46,295.8,182767,295.9148,295.3236,294.4653,0.8569,0.7296,72.4297
47,295.71,563614,295.8768,295.3362,294.4843,0.8569,0.7296,72.4297
48,295.665,310066,295.8727,295.347,294.5023,0.8569,0.7296,72.4297
49,295.65,278611,295.869,295.3569,294.5198,0.8569,0.7296,72.4297
50,295.51,367705,295.8621,295.362,294.5349,0.8114,0.746,63.7664
51,295.39,409064,295.8512,295.3629,294.548,0.8114,0.746,63.7664
52,295.2902,393652,295.8395,295.3605,294.5593,0.8114,0.746,63.7664
53,295.32,388732,295.8274,295.3592,294.5709,0.8114,0.746,63.7664
54,295.43,314415,295.82,295.3615,294.584,0.8114,0.746,63.7664
55,295.545,953896,295.8039,295.3675,294.5987,0.7693,0.7507,64.302099
56,295.63,201838,295.8019,295.3761,294.6145,0.7693,0.7507,64.302099
57,295.595,94048,295.801,295.3833,294.6294,0.7693,0.7507,64.302099
58,295.54,257073,295.7977,295.3884,294.6433,0.7693,0.7507,64.302099
59,295.54,740602,295.7867,295.3934,294.657,0.7693,0.7507,64.302099
60,295.37,153506,295.7839,295.3926,294.6679,0.7136,0.7433,59.4213
61,295.33,216326,295.7795,295.3906,294.678,0.7136,0.7433,59.4213
62,295.39,89231,295.7777,295.3906,294.6889,0.7136,0.7433,59.4213
63,295.33,293944,295.7716,295.3886,294.6987,0.7136,0.7433,59.4213
64,295.33,125649,295.7689,295.3867,294.7083,0.7136,0.7433,59.4213
65,295.28,64060,295.7675,295.3832,294.717,0.6547,0.7255,56.9515
66,295.33,67600,295.766,295.3814,294.7264,0.6547,0.7255,56.9515
67,295.23,127030,295.763,295.3765,294.7341,0.6547,0.7255,56.9515
68,295.105,167109,295.7581,295.3676,294.7398,0.6547,0.7255,56.9515
69,295.14,164031,295.7532,295.3601,294.7459,0.6547,0.7255,56.9515
70,295.165,253695,295.7463,295.3537,294.7523,0.5918,0.6988,53.7782
71,295.12,336706,295.737,295.346,294.7579,0.5918,0.6988,53.7782
72,295.21,97469,295.7346,295.3416,294.7648,0.5918,0.6988,53.7782
73,295.21,139089,295.7314,295.3373,294.7716,0.5918,0.6988,53.7782
74,295.27,109658,295.7291,295.3351,294.7792,0.5918,0.6988,53.7782
75,295.315,82604,295.7275,295.3344,294.7874,0.5478,0.6686,57.232
76,295.355,142020,295.725,295.3351,294.796,0.5478,0.6686,57.232
77,295.37,1386642,295.7053,295.3362,294.8048,0.5478,0.6686,57.232
78,295.29,695239,295.6937,295.3347,294.8122,0.5478,0.6686,57.232
79,295.36,1175328,295.6775,295.3355,294.8206,0.5478,0.6686,57.232
80,295.34,64159,295.6767,295.3357,294.8285,0.5091,0.6367,57.8156
81,295.44,302763,295.6736,295.3391,294.8378,0.5091,0.6367,57.8156
82,295.3453,100552,295.6725,295.3393,294.8456,0.5091,0.6367,57.8156
83,295.4,85160,295.6715,295.3413,294.854,0.5091,0.6367,57.8156
84,295.46,72520,295.6709,295.3452,294.8633,0.5091,0.6367,57.8156
85,295.34,88285,295.6699,295.345,294.8706,0.473,0.604,57.8156
86,295.275,75262,295.6689,295.3427,294.8767,0.473,0.604,57.8156
87,295.245,137707,295.6667,295.3395,294.8824,0.473,0.604,57.8156
88,295.11,149989,295.6639,295.332,294.8858,0.473,0.604,57.8156
89,295.11,109270,295.6617,295.3247,294.8893,0.473,0.604,57.8156
90,294.99,345267,295.6537,295.3137,294.8908,0.4114,0.5654,46.7794
91,295.2066,159522,295.6507,295.3102,294.8956,0.4114,0.5654,46.7794
92,295.18,195082,295.6473,295.306,294.9,0.4114,0.5654,46.7794
93,295.17,76185,295.646,295.3015,294.9041,0.4114,0.5654,46.7794
94,295.04,166379,295.6427,295.2929,294.9062,0.4114,0.5654,46.7794
95,295.01,5432,295.6426,295.2836,294.9078,0.36,0.5243,47.4173
96,295.02,181401,295.6387,295.275,294.9095,0.36,0.5243,47.4173
97,295.075,134079,295.636,295.2684,294.912,0.36,0.5243,47.4173
98,295.1699,151221,295.6334,295.2652,294.9159,0.36,0.5243,47.4173
99,295.23,139830,295.6314,295.2641,294.9207,0.36,0.5243,47.4173
100,295.17,158389,295.629,295.261,294.9245,0.3284,0.4852,52.4758
101,295.14,134552,295.6268,295.257,294.9278,0.3284,0.4852,52.4758
102,295.21,131870,295.6247,295.2555,294.9321,0.3284,0.4852,52.4758
103,295.1285,77664,295.6234,295.2513,294.9351,0.3284,0.4852,52.4758
104,295.08,92287,295.6218,295.2457,294.9373,0.3284,0.4852,52.4758
105,294.96,74632,295.6202,295.2363,294.9377,0.2831,0.4448,46.0192
106,294.88,130621,295.617,295.2246,294.9368,0.2831,0.4448,46.0192
107,294.89,103680,295.6145,295.2137,294.9361,0.2831,0.4448,46.0192
108,294.78,193285,295.6094,295.1994,294.9337,0.2831,0.4448,46.0192
109,294.7,216844,295.603,295.1831,294.9301,0.2831,0.4448,46.0192
110,294.75,204388,295.5972,295.1689,294.9274,0.2277,0.4013,40.4851
111,294.75,140998,295.5933,295.1551,294.9247,0.2277,0.4013,40.4851
112,294.725,844398,295.5697,295.141,294.9216,0.2277,0.4013,40.4851
113,294.805,110490,295.5669,295.13,294.9199,0.2277,0.4013,40.4851
114,294.865,83629,295.565,295.1213,294.919,0.2277,0.4013,40.4851
115,294.85,123033,295.5622,295.1124,294.918,0.1897,0.359,44.0457
116,294.85,56297,295.5609,295.1038,294.9169,0.1897,0.359,44.0457
117,294.86,115317,295.5584,295.0958,294.9161,0.1897,0.359,44.0457
118,294.71,109469,295.5557,295.0832,294.9129,0.1897,0.359,44.0457
119,294.68,92467,295.5532,295.07,294.9094,0.1897,0.359,44.0457
120,294.72,77292,295.5512,295.0585,294.9065,0.1473,0.3167,40.5423
121,294.82,128317,295.5481,295.0507,294.9051,0.1473,0.3167,40.5423
122,294.81,118756,295.5454,295.0428,294.9037,0.1473,0.3167,40.5423
123,294.675,213036,295.5399,295.0307,294.9002,0.1473,0.3167,40.5423
124,294.64,594988,295.5237,295.0179,294.8962,0.1473,0.3167,40.5423
125,294.61,62902,295.522,295.0045,294.8919,0.1037,0.2741,37.7211
126,294.72,110743,295.5192,294.9952,294.8892,0.1037,0.2741,37.7211
127,294.63,88082,295.5169,294.9832,294.8853,0.1037,0.2741,37.7211
128,294.7,53547,295.5155,294.9739,294.8824,0.1037,0.2741,37.7211
129,294.69,629215,295.5003,294.9646,294.8795,0.1037,0.2741,37.7211
130,294.75,49695,295.4992,294.9576,294.8775,0.0795,0.2352,43.3004
131,294.72,594840,295.4861,294.9498,294.8751,0.0795,0.2352,43.3004
132,294.67,74826,295.4844,294.9406,294.872,0.0795,0.2352,43.3004
133,294.67,93696,295.4822,294.9318,294.8689,0.0795,0.2352,43.3004
134,294.72,44372,295.4812,294.9248,294.8666,0.0795,0.2352,43.3004
135,294.84,252830,295.4763,294.922,294.8662,0.0668,0.2015,46.7098
136,294.9498,243933,295.4724,294.923,294.8675,0.0668,0.2015,46.7098
137,294.97,161873,295.4701,294.9245,294.8691,0.0668,0.2015,46.7098
138,294.985,118614,295.4684,294.9265,294.8708,0.0668,0.2015,46.7098
139,295.05,128124,295.4669,294.9305,294.8736,0.0668,0.2015,46.7098
140,295.025,89650,295.4658,294.9336,294.8759,0.0709,0.1754,53.145
141,295.06,105378,295.4646,294.9378,294.8787,0.0709,0.1754,53.145
142,295.08,43369,295.4641,294.9424,294.8818,0.0709,0.1754,53.145
143,295.05,51497,295.4635,294.946,294.8843,0.0709,0.1754,53.145
144,295.07,82432,295.4626,294.95,294.8872,0.0709,0.1754,53.145
145,295.107,47486,295.4621,294.9552,294.8905,0.0798,0.1563,55.7752
146,295.095,317168,295.4589,294.9598,294.8937,0.0798,0.1563,55.7752
147,295.11,59953,295.4583,294.9647,294.897,0.0798,0.1563,55.7752
148,295.06,59874,295.4577,294.9678,294.8994,0.0798,0.1563,55.7752
149,294.925,124410,295.456,294.9664,294.8998,0.0798,0.1563,55.7752
150,294.955,45902,295.4554,294.966,294.9007,0.0738,0.1398,49.9948
151,294.975,50089,295.4548,294.9663,294.9018,0.0738,0.1398,49.9948
152,???,???,???,???,???,0.0738,0.1398,49.9948
153,294.8875,134930,295.4527,294.9637,294.9016,0.0738,0.1398,49.9948
154,294.89,14562,295.4525,294.9613,294.9014,0.0738,0.1398,49.9948
155,294.84,154107,295.45,294.9573,294.9005,0.059,0.1236,45.9886
156,294.88,9402,295.4498,294.9548,294.9002,0.059,0.1236,45.9886
157,294.89,118740,295.448,294.9527,294.9,0.059,0.1236,45.9886
158,294.895,17880,295.4477,294.9508,294.8999,0.059,0.1236,45.9886
159,294.8,53459,295.4468,294.9458,294.8984,0.059,0.1236,45.9886
160,???,???,???,???,???,0.0436,0.1076,44.6068
161,294.34,434875,295.4339,294.926,294.8899,0.0436,0.1076,44.6068
162,???,???,???,???,???,0.0436,0.1076,44.6068
163,294.38,504572,295.4201,294.9081,294.8821,0.0436,0.1076,44.6068
164,294.29,26364,295.4194,294.8878,294.8731,0.0436,0.1076,44.6068
165,294.06,421853,295.4047,294.8607,294.8606,-0.028,0.0805,27.5777
166,294.08,123310,295.4004,294.8351,294.8487,-0.028,0.0805,27.5777
167,293.7898,392876,295.3844,294.8008,294.8326,-0.028,0.0805,27.5777
168,293.86,32523,295.3831,294.77,294.8177,-0.028,0.0805,27.5777
169,293.751,455854,295.3644,294.7366,294.8014,-0.028,0.0805,27.5777
170,293.65,85245,295.3608,294.7009,294.7838,-0.1165,0.0411,22.3298
171,293.86,533873,295.3408,294.6734,294.7697,-0.1165,0.0411,22.3298
172,293.83,73961,295.338,294.6457,294.7554,-0.1165,0.0411,22.3298
173,293.98,402525,295.3247,294.6239,294.7436,-0.1165,0.0411,22.3298
174,294.18,267510,295.3168,294.6093,294.735,-0.1165,0.0411,22.3298
175,294.34,359743,295.3076,294.6005,294.7289,-0.1295,0.007,42.7143
176,294.25,296484,295.3003,294.589,294.7216,-0.1295,0.007,42.7143
177,294.46,363052,295.2925,294.5848,294.7176,-0.1295,0.007,42.7143
178,294.45,207114,295.2883,294.5804,294.7135,-0.1295,0.007,42.7143
179,294.39,187648,295.2844,294.5741,294.7086,-0.1295,0.007,42.7143
180,294.4865,88088,295.2827,294.5712,294.7052,-0.1265,-0.0197,46.0546
181,294.4899,73378,295.2813,294.5686,294.7019,-0.1265,-0.0197,46.0546
182,294.5639,97665,295.2796,294.5684,294.6998,-0.1265,-0.0197,46.0546
183,294.58,179694,295.2767,294.5688,294.698,-0.1265,-0.0197,46.0546
184,294.49,165768,295.2738,294.5662,294.6948,-0.1265,-0.0197,46.0546
185,294.415,106880,295.2717,294.5613,294.6905,-0.128399,-0.0414,44.6431
186,294.37,161430,295.2683,294.555,294.6856,-0.128399,-0.0414,44.6431
187,294.35,63682,295.267,294.5483,294.6805,-0.128399,-0.0414,44.6431
188,294.315,146977,295.2637,294.5406,294.6749,-0.128399,-0.0414,44.6431
189,294.3,180560,295.2599,294.5327,294.6692,-0.128399,-0.0414,44.6431
190,294.29,77048,295.2582,294.5248,294.6634,-0.1384,-0.0608,42.1346
191,294.27,52730,295.257,294.5164,294.6574,-0.1384,-0.0608,42.1346
192,294.3,64601,295.2556,294.5093,294.652,-0.1384,-0.0608,42.1346
193,294.46,139806,295.2529,294.5077,294.649,-0.1384,-0.0608,42.1346
194,294.495,73508,295.2516,294.5073,294.6467,-0.1384,-0.0608,42.1346
195,294.53,140228,295.2493,294.508,294.6449,-0.1255,-0.0738,48.3283
196,294.46,102982,295.2475,294.5065,294.6421,-0.1255,-0.0738,48.3283
197,294.46,92344,295.2459,294.5049,294.6393,-0.1255,-0.0738,48.3283
198,294.5,89557,295.2444,294.5048,294.6372,-0.1255,-0.0738,48.3283
199,294.5465,75468,295.2432,294.5061,294.6358,-0.1255,-0.0738,48.3283
200,294.57,73181,295.2421,294.5082,294.6348,-0.1108,-0.0812,49.3328
201,294.55,244281,295.2384,294.5096,294.6335,-0.1108,-0.0812,49.3328
202,294.54,63752,295.2375,294.5106,294.6321,-0.1108,-0.0812,49.3328
203,294.54,134489,295.2353,294.5116,294.6306,-0.1108,-0.0812,49.3328
204,294.47,50630,295.2345,294.5102,294.6282,-0.1108,-0.0812,49.3328
205,294.405,91381,295.2329,294.5068,294.6248,-0.1111,-0.0872,45.2973
206,294.35,60580,295.2317,294.5016,294.6206,-0.1111,-0.0872,45.2973
207,294.52,56606,295.2308,294.5022,294.6191,-0.1111,-0.0872,45.2973
208,294.62,67390,295.2298,294.5061,294.6191,-0.1111,-0.0872,45.2973
209,294.6435,85408,295.2287,294.5106,294.6194,-0.1111,-0.0872,45.2973
210,294.65,302078,295.2251,294.5152,294.6199,-0.0906,-0.0879,51.8016
211,294.74,95572,295.224,294.5225,294.6217,-0.0906,-0.0879,51.8016
212,294.6301,60318,295.2233,294.5261,294.6219,-0.0906,-0.0879,51.8016
213,294.585,73160,295.2223,294.528,294.6213,-0.0906,-0.0879,51.8016
214,294.64,38713,295.2218,294.5317,294.6216,-0.0906,-0.0879,51.8016
215,294.63,74869,295.2209,294.5349,294.6217,-0.0751,-0.0853,51.2492
216,294.66,37976,295.2205,294.539,294.6223,-0.0751,-0.0853,51.2492
217,294.74,27159,295.2202,294.5456,294.6241,-0.0751,-0.0853,51.2492
218,294.72,135925,295.2187,294.5513,294.6256,-0.0751,-0.0853,51.2492
219,294.83,83602,295.2179,294.5604,294.6287,-0.0751,-0.0853,51.2492
220,294.81,95751,295.2171,294.5686,294.6315,-0.0477,-0.0778,55.9493
221,294.73,81846,295.2163,294.5739,294.633,-0.0477,-0.0778,55.9493
222,294.765,26980,295.216,294.5802,294.635,-0.0477,-0.0778,55.9493
223,294.77,82954,295.2152,294.5864,294.637,-0.0477,-0.0778,55.9493
224,294.78,52389,295.2148,294.5927,294.6392,-0.0477,-0.0778,55.9493
225,294.79,94770,295.2139,294.5992,294.6415,-0.0273,-0.0677,55.2915
226,294.78,37092,295.2136,294.6051,294.6436,-0.0273,-0.0677,55.2915
227,294.72,65355,295.2129,294.6089,294.6448,-0.0273,-0.0677,55.2915
228,294.82,119844,295.2118,294.6158,294.6475,-0.0273,-0.0677,55.2915
229,294.805,34629,295.2115,294.622,294.6499,-0.0273,-0.0677,55.2915
230,294.845,103602,295.2107,294.6293,294.6529,-0.0067,-0.0555,56.8425
231,294.87,61725,295.2102,294.6372,294.6562,-0.0067,-0.0555,56.8425
232,294.85,43362,295.2099,294.6442,294.6591,-0.0067,-0.0555,56.8425
233,294.8,54656,295.2095,294.6493,294.6613,-0.0067,-0.0555,56.8425
234,294.88,48854,295.2091,294.6569,294.6646,-0.0067,-0.0555,56.8425
235,294.98,180106,295.2081,294.6675,294.6694,0.0204,-0.0403,60.5735
236,294.99,151636,295.2074,294.678,294.6743,0.0204,-0.0403,60.5735
237,295.015,70265,295.2071,294.6891,294.6795,0.0204,-0.0403,60.5735
238,295.0453,131285,295.2066,294.7008,294.6851,0.0204,-0.0403,60.5735
239,295.19,232812,295.2063,294.7168,294.6928,0.0204,-0.0403,60.5735
240,295.21,99767,295.2063,294.733,294.7007,0.0597,-0.0203,66.117599
241,295.26,133954,295.2064,294.7503,294.7093,0.0597,-0.0203,66.117599
242,295.23,75468,295.2065,294.766,294.7172,0.0597,-0.0203,66.117599
243,295.255,237816,295.2066,294.782,294.7254,0.0597,-0.0203,66.117599
244,295.22,89168,295.2066,294.7964,294.733,0.0597,-0.0203,66.117599
245,295.18,105516,295.2066,294.809,294.7398,0.0874,0.0012,64.797
246,295.08,142289,295.2063,294.8178,294.745,0.0874,0.0012,64.797
247,295.1,82887,295.2061,294.8271,294.7504,0.0874,0.0012,64.797
248,295.095,117678,295.2059,294.8359,294.7557,0.0874,0.0012,64.797
249,295.07,84790,295.2057,294.8436,294.7605,0.0874,0.0012,64.797
250,295.1,63169,295.2055,294.852,294.7657,0.1017,0.0213,61.177
251,295.1,96172,295.2053,294.8601,294.7708,0.1017,0.0213,61.177
252,295.11,71572,295.2051,294.8683,294.7759,0.1017,0.0213,61.177
253,295.06,48215,295.205,294.8746,294.7803,0.1017,0.0213,61.177
254,294.995,154476,295.2044,294.8785,294.7836,0.1017,0.0213,61.177
255,295.03,41067,295.2042,294.8835,294.7873,0.1062,0.0383,58.0246
256,294.99,28944,295.2041,294.887,294.7904,0.1062,0.0383,58.0246
257,295.02,40925,295.204,294.8913,294.7939,0.1062,0.0383,58.0246
258,295.0,49271,295.2038,294.8949,294.7971,0.1062,0.0383,58.0246
259,294.99,45965,295.2036,294.898,294.8,0.1062,0.0383,58.0246
260,295.0385,93552,295.2032,294.9026,294.8036,0.1092,0.0525,58.3148
261,295.005,40005,295.2031,294.906,294.8067,0.1092,0.0525,58.3148
262,294.985,154196,295.2024,294.9086,294.8094,0.1092,0.0525,58.3148
263,294.94,135758,295.2017,294.9096,294.8114,0.1092,0.0525,58.3148
264,294.99,215957,295.2008,294.9122,294.8142,0.1092,0.0525,58.3148
265,294.945,60292,295.2005,294.9133,294.8162,0.1029,0.0626,53.777
266,295.04,157203,295.1999,294.9175,294.8196,0.1029,0.0626,53.777
267,295.0,53047,295.1997,294.9202,294.8223,0.1029,0.0626,53.777
268,295.02,59064,295.1994,294.9234,294.8254,0.1029,0.0626,53.777
269,295.05,89169,295.1991,294.9276,294.8288,0.1029,0.0626,53.777
270,295.0,77985,295.1989,294.93,294.8314,0.1011,0.0703,56.0137
271,295.05,91027,295.1985,294.9339,294.8347,0.1011,0.0703,56.0137
272,295.1,205905,295.1982,294.9394,294.8388,0.1011,0.0703,56.0137
273,295.07,98114,295.1979,294.9436,294.8423,0.1011,0.0703,56.0137
274,295.09,107517,295.1976,294.9484,294.8461,0.1011,0.0703,56.0137
275,295.075,35894,295.1976,294.9526,294.8496,0.1045,0.0771,59.0192
276,295.12,75025,295.1974,294.9581,294.8537,0.1045,0.0771,59.0192
277,295.085,111890,295.1972,294.9622,294.8572,0.1045,0.0771,59.0192
278,295.16,89289,295.1971,294.9687,294.8619,0.1045,0.0771,59.0192
279,295.16,15656,295.1971,294.975,294.8664,0.1045,0.0771,59.0192
280,295.19,69902,295.1971,294.982,294.8714,0.1152,0.0847,63.2915
281,???,???,???,???,???,0.1152,0.0847,63.2915
282,295.125,128673,295.1969,294.9867,294.8752,0.1152,0.0847,63.2915
283,???,???,???,???,???,0.1152,0.0847,63.2915
284,295.175,663346,295.1966,294.9929,294.8798,0.1152,0.0847,63.2915
285,???,???,???,???,???,0.1211,0.092,62.3485
286,295.13,605339,295.1958,294.9974,294.8836,0.1211,0.092,62.3485
287,???,???,???,???,???,0.1211,0.092,62.3485
288,295.23,635139,295.1964,295.005,294.8889,0.1211,0.092,62.3485
289,???,???,???,???,???,0.1211,0.092,62.3485
290,295.345,437141,295.1975,295.0162,294.8959,0.1378,0.1012,68.2922
291,???,???,???,???,???,0.1378,0.1012,68.2922
292,295.25,378659,295.198,295.0238,294.9013,0.1378,0.1012,68.2922
293,295.25,100149,295.1981,295.0313,294.9066,0.1378,0.1012,68.2922
294,295.2242,226922,295.1983,295.0376,294.9115,0.1378,0.1012,68.2922
295,295.24,100909,295.1983,295.0442,294.9165,0.141,0.1091,61.6167
296,295.24,136260,295.1984,295.0506,294.9214,0.141,0.1091,61.6167
297,295.24,582070,295.1988,295.0568,294.9263,0.141,0.1091,61.6167
298,295.19,311188,295.1988,295.0612,294.9303,0.141,0.1091,61.6167
299,295.24,59762,295.1989,295.0671,294.935,0.141,0.1091,61.6167
300,295.225,59544,295.1989,295.0722,294.9395,0.1407,0.1155,60.6763
301,295.24,69515,295.1989,295.0777,294.944,0.1407,0.1155,60.6763
302,295.31,68140,295.1991,295.0854,294.9496,0.1407,0.1155,60.6763
303,295.28,84940,295.1992,295.0917,294.9547,0.1407,0.1155,60.6763
304,295.33,45640,295.1993,295.0996,294.9604,0.1407,0.1155,60.6763
305,295.3,39453,295.1993,295.1061,294.9656,0.1449,0.1213,63.7521
306,295.33,107978,295.1996,295.1135,294.9712,0.1449,0.1213,63.7521
307,295.325,111477,295.1998,295.1204,294.9766,0.1449,0.1213,63.7521
308,295.325,54819,295.1999,295.1271,294.9819,0.1449,0.1213,63.7521
309,295.34,51856,295.2001,295.1341,294.9873,0.1449,0.1213,63.7521
310,295.31,79536,295.2002,295.1399,294.9923,0.1473,0.1265,64.1678
311,295.33,97488,295.2004,295.1461,294.9974,0.1473,0.1265,64.1678
312,295.36,50985,295.2006,295.1531,295.003,0.1473,0.1265,64.1678
313,295.405,151793,295.2011,295.1614,295.0091,0.1473,0.1265,64.1678
314,295.455,164167,295.2018,295.171,295.0159,0.1473,0.1265,64.1678
315,295.3801,169422,295.2023,295.1778,295.0215,0.1531,0.1318,67.1035
316,295.45,61434,295.2026,295.1868,295.028,0.1531,0.1318,67.1035
317,295.46,95480,295.203,295.1957,295.0346,0.1531,0.1318,67.1035
318,295.455,28926,295.2031,295.2042,295.041,0.1531,0.1318,67.1035
319,295.48,73352,295.2035,295.2133,295.0477,0.1531,0.1318,67.1035
320,295.46,193939,295.2043,295.2214,295.054,0.1622,0.1379,70.1958
321,295.415,90147,295.2047,295.2277,295.0595,0.1622,0.1379,70.1958
322,295.5,139747,295.2053,295.2366,295.0663,0.1622,0.1379,70.1958
323,295.44,89715,295.2057,295.2433,295.072,0.1622,0.1379,70.1958
324,295.475,105499,295.2062,295.2509,295.0781,0.1622,0.1379,70.1958
325,295.485,187052,295.2071,295.2586,295.0843,0.1695,0.1442,71.1388
326,295.45,107661,295.2075,295.2649,295.0899,0.1695,0.1442,71.1388
327,295.485,55181,295.2078,295.2721,295.0959,0.1695,0.1442,71.1388
328,295.51,290794,295.2093,295.2799,295.1023,0.1695,0.1442,71.1388
329,295.51,147946,295.21,295.2874,295.1085,0.1695,0.1442,71.1388
330,295.5,185866,295.2109,295.2944,295.1145,0.1745,0.1503,71.7357
331,295.44,235340,295.2119,295.2992,295.1194,0.1745,0.1503,71.7357
332,295.4,163149,295.2125,295.3025,295.1237,0.1745,0.1503,71.7357
333,295.37,94851,295.2127,295.3047,295.1275,0.1745,0.1503,71.7357
334,295.4466,132439,295.2132,295.3093,295.1324,0.1745,0.1503,71.7357
335,295.4097,67293,295.2134,295.3126,295.1366,0.1693,0.1541,63.0251
336,295.27,113360,295.2136,295.3112,295.1386,0.1693,0.1541,63.0251
337,295.26,142092,295.2137,295.3095,295.1405,0.1693,0.1541,63.0251
338,295.31,223830,295.214,295.3096,295.1431,0.1693,0.1541,63.0251
339,295.35,93051,295.2142,295.3109,295.1462,0.1693,0.1541,63.0251
340,295.33,58879,295.2143,295.3115,295.149,0.1569,0.1546,56.3178
341,295.41,71965,295.2145,295.3147,295.153,0.1569,0.1546,56.3178
342,295.425,118812,295.2149,295.3184,295.1572,0.1569,0.1546,56.3178
343,295.43,106880,295.2153,295.322,295.1613,0.1569,0.1546,56.3178
344,295.475,149430,295.2159,295.327,295.1661,0.1569,0.1546,56.3178
345,295.475,76246,295.2162,295.3319,295.1708,0.1569,0.1551,64.0513
346,295.475,77624,295.2165,295.3366,295.1755,0.1569,0.1551,64.0513
347,295.51,616130,295.2193,295.3423,295.1806,0.1569,0.1551,64.0513
348,295.555,1740146,295.228,295.3492,295.1863,0.1569,0.1551,64.0513
349,295.575,165038,295.2289,295.3566,295.1922,0.1569,0.1551,64.0513
350,295.57,299054,295.2305,295.3636,295.198,0.1627,0.1566,68.155
351,295.62,203027,295.2317,295.372,295.2044,0.1627,0.1566,68.155
352,295.695,887969,295.2377,295.3826,295.2119,0.1627,0.1566,68.155
353,295.65,315220,295.2398,295.3914,295.2186,0.1627,0.1566,68.155
354,295.57,194627,295.2408,295.3973,295.224,0.1627,0.1566,68.155
355,295.57,152851,295.2416,295.4029,295.2293,0.1655,0.1584,68.155
356,295.605,135318,295.2423,295.4095,295.235,0.1655,0.1584,68.155
357,295.645,88363,295.2428,295.4173,295.2413,0.1655,0.1584,68.155
358,295.695,192938,295.2441,295.4264,295.2482,0.1655,0.1584,68.155
359,295.695,169986,295.2452,295.4352,295.255,0.1655,0.1584,68.155
360,295.67,227264,295.2467,295.4429,295.2614,0.1737,0.1614,72.269
361,295.66,273050,295.2484,295.45,295.2674,0.1737,0.1614,72.269
362,295.52,331539,295.2499,295.4523,295.2713,0.1737,0.1614,72.269
363,295.56,166192,295.2507,295.4558,295.2757,0.1737,0.1614,72.269
364,295.57,120560,295.2512,295.4596,295.2802,0.1737,0.1614,72.269
365,295.555,151646,295.2519,295.4627,295.2844,0.169,0.163,62.0284
366,295.615,136381,295.2526,295.4677,295.2894,0.169,0.163,62.0284
367,295.74,254787,295.2543,295.4766,295.2963,0.169,0.163,62.0284
368,295.725,???,295.2543,295.4848,295.3029,0.169,0.163,62.0284
369,295.7276,240599,295.2559,295.4927,295.3093,0.169,0.163,62.0284
370,295.72,266736,295.2578,295.5002,295.3156,0.1765,0.1657,69.0248
371,295.76,364381,295.2604,295.5087,295.3224,0.1765,0.1657,69.0248
372,295.825,221736,295.2621,295.5191,295.3301,0.1765,0.1657,69.0248
373,295.92,1196642,295.2728,295.5322,295.3391,0.1765,0.1657,69.0248
374,295.97,741847,295.2799,295.5466,295.3487,0.1765,0.1657,69.0248
375,295.9875,1038937,295.29,295.561,295.3585,0.2017,0.1729,76.7431
376,295.94,381589,295.2935,295.5734,295.3673,0.2017,0.1729,76.7431
377,295.995,399951,295.2972,295.5873,295.3769,0.2017,0.1729,76.7431
378,296.045,446017,295.3016,295.6023,295.3871,0.2017,0.1729,76.7431
379,296.04,618034,295.3079,295.6166,295.3971,0.2017,0.1729,76.7431
380,296.12,667227,295.315,295.6331,295.4081,0.2298,0.1843,79.5481
381,296.11,731572,295.3227,295.6488,295.4188,0.2298,0.1843,79.5481
382,296.05,333329,295.326,295.6619,295.4285,0.2298,0.1843,79.5481
383,296.095,358585,295.3294,295.6761,295.4387,0.2298,0.1843,79.5481
384,296.175,479775,295.3344,295.6925,295.4499,0.2298,0.1843,79.5481
385,296.19,601682,295.3402,295.7088,295.4612,0.2535,0.1981,80.6257
386,296.225,893336,295.3505,295.7257,295.4729,0.2535,0.1981,80.6257
387,296.25,576296,295.357,295.7429,295.4847,0.2535,0.1981,80.6257
388,296.27,1130705,295.366,295.7601,295.4967,0.2535,0.1981,80.6257
389,296.235,1028445,295.3799,295.7757,295.5079,0.2535,0.1981,80.6257
390,295.84,3253346,295.403,295.7778,295.513,0.2777,0.2142,82.3795
